{
    "mse": 0.4880295981149748,
    "r2": 0.25321312561494613
}